Name,Gender,Start Date,Last Login Time,Salary,Bonus %,Senior Management,Department,Age
Douglas,Male,08/06/1993,12:42 pm,97308,6.945,True,Marketing,27
Thomas,Male,3/31/1996,6:53 am,61933,4.17,True,,42
Maria,Female,4/23/1993,11:17 am,130590,11.858,False,Finance,38
Jerry,Male,03/04/2005,1:00 pm,138705,9.34,True,Finance,39
Larry,Male,1/24/1998,4:47 pm,101004,1.389,True,Client Services,41
Dennis,Male,4/18/1987,1:35 am,115163,10.125,False,Legal,29
Ruby,Female,8/17/1987,4:20 pm,65476,10.012,True,Product,32
,Female,7/20/2015,10:43 am,45906,11.598,,Finance,38
Angela,Female,11/22/2005,6:29 am,95570,18.523,True,Engineering,44
Frances,Female,08/08/2002,6:51 am,139852,7.524,True,Business Development,25
Louise,Female,08/12/1980,9:01 am,63241,15.132,True,,34
Julie,Female,10/26/1997,3:19 pm,102508,12.637,True,Legal,32
Brandon,Male,12/01/1980,1:08 am,112807,17.492,True,Human Resources,37
Gary,Male,1/27/2008,11:40 pm,109831,5.831,False,Sales,25
Kimberly,Female,1/14/1999,7:13 am,41426,14.543,True,Finance,44
Lillian,Female,06/05/2016,6:09 am,59414,1.256,False,Product,33
Jeremy,Male,9/21/2010,5:56 am,90370,7.369,False,Human Resources,26
Shawn,Male,12/07/1986,7:45 pm,111737,6.414,False,Product,28
Diana,Female,10/23/1981,10:27 am,132940,19.082,False,Client Services,41
Donna,Female,7/22/2010,3:48 am,81014,1.894,False,Product,29
Lois,,4/22/1995,7:18 pm,64714,4.934,True,Legal,40
Matthew,Male,09/05/1995,2:12 am,100612,13.645,False,Marketing,43
Joshua,,03/08/2012,1:58 am,90816,18.816,True,Client Services,39
,Male,6/14/2012,4:19 pm,125792,5.042,,,24
John,Male,07/01/1992,10:08 pm,97950,13.873,False,Client Services,28
,Male,10/08/2012,1:12 am,37076,18.576,,Client Services,33
Craig,Male,2/27/2000,7:45 am,37598,7.757,True,Marketing,35
Scott,,07/11/1991,6:58 pm,122367,5.218,False,Legal,33
Terry,Male,11/27/1981,6:30 pm,124008,13.464,True,Client Services,31
Benjamin,Male,1/26/2005,10:06 pm,79529,7.008,True,Legal,34
Christina,Female,08/06/2002,1:19 pm,118780,9.096,True,Engineering,33
Joyce,,2/20/2005,2:40 pm,88657,12.752,False,Product,35
,Male,8/21/1998,2:27 pm,122340,6.417,,,22
Jean,Female,12/18/1993,9:07 am,119082,16.18,False,Business Development,23
Jerry,Male,01/10/2004,12:56 pm,95734,19.096,False,Client Services,34
Theresa,Female,10/10/2006,1:12 am,85182,16.675,False,Sales,23
Rachel,Female,2/16/2009,8:47 pm,142032,12.599,False,Business Development,39
Linda,Female,10/19/1981,8:49 pm,57427,9.557,True,Client Services,41
Stephanie,Female,9/13/1986,1:52 am,36844,5.574,True,Business Development,45
,Male,1/29/2016,2:33 am,122173,7.797,,Client Services,37
Michael,Male,10/10/2008,11:25 am,99283,2.665,True,Distribution,41
Christine,,6/28/2015,1:08 am,66582,11.308,True,Business Development,41
Beverly,Female,09/09/1998,8:26 pm,121918,15.835,False,Legal,30
Marilyn,Female,12/07/1980,3:16 am,73524,5.207,True,Marketing,42
Cynthia,Female,11/16/1988,6:54 pm,145146,7.482,True,Product,25
Roger,Male,4/17/1980,11:32 am,88010,13.886,True,Sales,25
Bruce,Male,11/28/2009,10:47 pm,114796,6.796,False,Finance,45
Kathy,Female,6/22/2005,4:51 am,66820,9.0,True,Client Services,35
Clarence,Male,3/26/1996,5:57 am,93581,6.083,True,Business Development,31
Chris,,1/24/1980,12:13 pm,113590,3.055,False,Sales,43
Nancy,Female,9/23/2000,8:05 am,94976,13.83,True,Engineering,34
,,12/17/2011,8:29 am,41126,14.009,,Sales,24
Todd,Male,2/18/1990,2:41 am,49339,1.695,True,Human Resources,33
Alan,,03/03/2014,1:28 pm,40341,17.578,True,Finance,31
Sara,Female,8/15/2007,9:23 am,83677,8.999,False,Engineering,32
Karen,Female,11/30/1999,7:46 am,102488,17.653,True,Product,26
Carl,Male,05/03/2006,5:55 pm,130276,16.084,True,Finance,32
Henry,Male,6/26/1996,1:44 am,64715,15.107,True,Human Resources,34
Theresa,Female,04/11/2010,7:18 am,72670,1.481,True,Engineering,35
Irene,Female,05/07/1997,9:32 am,66851,11.279,False,Engineering,28
Paula,,11/23/2005,2:01 pm,48866,4.271,False,Distribution,22
Denise,Female,11/06/2001,12:03 pm,106862,3.699,False,Business Development,45
,Female,06/12/2007,5:25 pm,58112,19.414,,Marketing,43
Matthew,Male,01/02/2013,10:33 pm,35203,18.04,False,Human Resources,38
Kathleen,,04/11/1990,6:46 pm,77834,18.771,False,Business Development,22
Steve,Male,11/11/2009,11:44 pm,61310,12.428,True,Distribution,37
Nancy,Female,12/15/2012,11:57 pm,125250,2.672,True,Business Development,31
Rachel,Female,8/16/1999,6:53 am,51178,9.735,True,Finance,23
Jose,Male,10/30/2004,1:39 pm,84834,14.33,True,Finance,22
Irene,,7/14/2015,4:31 pm,100863,4.382,True,Finance,35
Todd,,06/10/2003,2:26 pm,84692,6.617,False,Client Services,24
Johnny,Male,11/06/2009,4:23 pm,118172,16.194,True,Sales,45
Bobby,Male,05/07/2007,10:01 am,54043,3.833,False,Product,38
Frances,Female,04/04/1999,4:19 pm,90582,4.709,True,Sales,43
Thomas,Male,06/04/1995,2:24 pm,62096,17.029,False,Marketing,25
Bonnie,Female,07/02/1991,1:27 am,104897,5.118,True,Human Resources,44
Margaret,Female,09/10/1988,12:42 pm,131604,7.353,True,Distribution,39
Charles,Male,9/14/2004,8:13 pm,107391,1.26,True,Marketing,23
Robin,Female,06/04/1983,3:15 pm,114797,5.965,True,Sales,30
Bonnie,Female,11/13/1988,3:30 pm,115814,4.99,False,Product,41
Gerald,,3/17/1995,12:50 am,137126,15.602,True,Sales,43
Christopher,Male,3/30/2008,10:52 am,47369,14.822,False,Legal,40
Steven,Male,3/30/1980,9:20 pm,35095,8.379,True,Client Services,26
Shawn,Male,9/23/2005,2:55 am,148115,6.539,True,Finance,43
Doris,Female,8/20/2004,5:51 am,83072,7.511,False,Finance,44
Jeremy,Male,02/01/2008,8:50 am,100238,3.887,True,Client Services,36
Annie,,9/29/2007,12:11 am,103495,17.29,True,Business Development,45
Annie,Female,1/30/1993,2:05 am,144887,8.276,True,Sales,40
Donna,Female,11/27/1991,1:59 pm,64088,6.155,True,Legal,35
Janice,Female,03/12/2016,12:40 am,51082,11.955,False,Legal,41
Janice,,8/21/1997,5:12 am,91719,11.583,True,Legal,39
James,,1/26/2005,11:00 pm,128771,8.309,False,,22
Linda,Female,5/25/2000,5:45 pm,119009,12.506,True,Business Development,32
Virginia,,05/07/1994,5:58 pm,111858,1.601,True,Legal,34
Harry,Male,8/26/1981,3:16 pm,130620,7.03,False,Legal,25
Heather,Female,07/11/1998,2:17 pm,43026,14.166,False,Client Services,24
Cynthia,Female,3/21/1994,8:34 am,142321,1.737,False,Finance,25
Laura,,7/19/2014,9:23 pm,140371,10.62,True,Marketing,38
Tina,Female,6/16/2016,7:47 pm,100705,16.961,True,Marketing,33
Harold,Male,01/02/1985,9:40 pm,77544,12.447,False,Business Development,30
Melissa,Female,6/21/2005,6:33 am,48109,14.995,False,Finance,42
Aaron,Male,2/17/2012,10:20 am,61602,11.849,True,Marketing,27
Jack,Male,01/12/1997,5:51 am,103902,12.159,False,Client Services,44
Phyllis,Female,10/11/1996,9:30 pm,136984,8.932,True,Finance,26
John,Male,12/23/1989,7:01 am,80740,19.305,False,Marketing,44
Kathy,Female,03/09/1996,4:33 am,91712,8.567,False,Finance,42
Paul,Male,08/04/1993,7:25 pm,42146,3.046,False,Legal,24
Steven,Male,4/23/2013,10:12 pm,68680,16.565,False,Legal,24
Russell,,05/05/1988,7:57 am,133980,12.396,True,Legal,35
Christopher,Male,4/22/2000,10:15 am,37919,11.449,False,,42
Shirley,Female,6/20/2001,10:39 pm,147113,16.135,False,Legal,23
Bonnie,Female,12/17/1999,3:12 pm,42153,8.454,True,Business Development,39
Willie,Male,11/27/2003,6:21 am,64363,4.023,False,Marketing,38
Tina,Female,06/12/2009,7:16 am,114767,3.711,True,Engineering,38
Ashley,Female,08/04/2002,11:00 am,58698,6.811,True,Business Development,43
Pamela,Female,07/01/1982,6:51 am,54585,4.166,False,Product,43
,Male,6/22/1991,8:58 pm,76189,18.988,,Legal,22
Steven,Male,03/01/1995,3:03 pm,109095,9.494,False,Finance,24
Andrea,Female,01/12/2012,5:43 am,120204,9.557,False,Business Development,23
Paul,Male,06/03/2008,3:05 pm,41054,12.299,False,Marketing,23
Peter,Male,11/17/1994,6:15 pm,84885,15.402,False,Business Development,28
Kathleen,,05/09/2016,8:55 am,119735,18.74,False,Product,42
Christina,Female,4/13/2012,2:04 pm,110169,13.892,True,Engineering,30
Helen,Female,11/29/2001,2:30 am,73789,14.841,True,Product,32
Marilyn,Female,11/16/1983,8:29 am,76078,2.401,True,Product,31
Patricia,Female,09/01/2003,6:46 am,49368,14.226,False,Human Resources,31
Michelle,Female,3/30/1984,6:43 pm,57325,17.179,True,Human Resources,42
William,Male,9/29/2002,4:09 pm,66521,5.83,False,Human Resources,43
Kenneth,Male,8/25/1987,9:16 pm,127654,16.439,True,Client Services,23
Antonio,Male,10/25/1988,1:50 pm,60866,13.101,True,Business Development,25
Shirley,Female,05/01/1984,1:15 pm,41334,6.219,True,Human Resources,43
Rebecca,Female,07/10/1992,12:23 am,94231,17.517,False,Product,28
Carlos,Male,01/04/1995,7:02 am,146670,10.763,False,Human Resources,37
Lois,Female,12/25/1987,4:16 pm,106317,2.235,True,Client Services,25
Carolyn,Female,04/09/2011,5:38 am,109260,2.65,True,Business Development,23
Gloria,Female,6/29/2007,5:34 am,134148,8.833,True,Legal,36
Henry,Male,4/24/1995,4:18 am,43542,19.687,False,Legal,43
Adam,Male,5/21/2011,1:45 am,95327,15.12,False,Distribution,37
Ashley,Female,5/25/2006,11:30 am,112238,6.03,True,Engineering,43
,Female,10/03/1990,1:08 am,132373,10.527,,,41
Shirley,Female,2/28/1981,1:23 pm,113850,1.854,False,Marketing,30
Adam,Male,12/24/1990,8:57 pm,110194,14.727,True,Product,42
Elizabeth,Female,10/09/2003,5:53 pm,146129,5.687,False,Finance,37
Teresa,,1/28/2016,10:55 am,140013,8.689,True,Engineering,28
Nicole,,03/05/1982,2:28 pm,122717,12.452,False,Sales,35
Jennifer,Female,04/04/2009,10:47 pm,71715,13.079,True,Client Services,45
Patricia,Female,11/25/1992,2:24 am,95322,4.15,False,Product,43
Philip,Male,7/17/2008,1:30 pm,89227,3.996,False,Legal,42
Patrick,,7/14/1991,2:24 am,124488,14.837,True,Sales,24
,Female,8/17/2014,2:00 pm,86230,8.578,,Distribution,39
Sean,Male,05/04/1996,8:59 pm,135490,19.934,False,Marketing,31
Brandon,,11/03/1997,8:17 pm,121333,15.295,False,Business Development,37
Ruth,Female,8/19/1999,4:03 am,129297,8.067,True,Client Services,41
Victor,,03/10/2011,8:40 pm,84546,10.489,True,Finance,39
Rebecca,Female,11/15/1980,4:13 am,85730,5.359,True,Product,36
Marie,Female,3/16/2003,12:12 am,104058,17.695,True,Business Development,23
Howard,Male,4/27/1992,1:10 am,105062,1.563,False,Human Resources,25
,Female,7/27/2005,8:32 am,79536,14.443,,Product,27
Norma,Female,2/28/1999,8:45 pm,114412,8.756,True,Marketing,41
James,,11/22/1983,10:52 pm,68501,14.316,False,Marketing,25
Kathy,Female,3/18/2000,7:26 pm,149563,16.991,True,Finance,42
Marilyn,,8/22/1999,9:09 am,103386,11.451,False,Distribution,44
Arthur,Male,4/13/1998,11:28 am,89786,14.422,True,Legal,36
Terry,Male,09/03/1990,9:15 pm,52226,19.135,False,Client Services,23
Mary,Female,8/13/1999,1:03 am,134645,18.197,False,Business Development,32
,Female,3/23/2014,1:28 pm,59148,9.061,,Legal,45
,Female,07/09/1991,6:52 pm,42341,7.014,,Sales,31
Christopher,Male,12/24/2011,12:22 pm,142178,17.984,True,Sales,27
Peter,,09/03/1987,5:59 pm,38989,7.017,True,Marketing,38
Michelle,Female,11/04/1996,9:34 pm,53754,5.455,True,Product,29
Irene,Female,1/29/1992,11:36 am,133772,19.02,True,Sales,29
Patrick,Male,8/17/2007,3:16 am,143499,17.495,True,Engineering,32
Sara,Female,9/23/1991,6:17 pm,97058,9.402,False,Finance,32
Lillian,Female,12/21/2008,6:51 pm,85446,3.959,True,Engineering,24
,,9/18/2007,6:59 pm,40297,6.185,,Client Services,29
Willie,Male,2/17/1998,8:20 pm,146651,1.451,True,Engineering,31
Victor,Male,01/08/2003,1:02 pm,124486,10.166,False,Product,23
Wayne,Male,04/07/2012,8:00 am,102652,14.085,True,Distribution,44
Jane,Female,09/03/1997,2:01 am,144474,17.648,False,Product,34
Jessica,Female,10/23/1995,5:53 am,68759,19.343,True,Finance,43
Mark,Male,04/12/2008,5:40 pm,57286,5.025,True,Business Development,29
Randy,Male,11/14/1999,12:12 pm,58129,1.952,True,Distribution,44
Lillian,Female,6/19/1999,4:44 pm,123940,12.184,True,Business Development,35
Ruth,,5/18/1999,5:56 am,98233,2.518,True,Distribution,41
Jerry,Male,12/18/2003,6:46 am,140810,9.177,True,Client Services,42
Sandra,Female,1/19/1983,7:25 am,42090,8.842,True,Legal,42
,Female,2/23/2005,9:50 pm,149654,1.825,,Sales,43
Roger,Male,11/19/2004,3:55 pm,51430,6.46,False,Marketing,36
Charles,Male,10/14/2000,9:40 pm,71749,15.931,False,Legal,41
Clarence,Male,05/02/1998,3:16 am,85700,1.215,False,Sales,39
Carol,Female,3/19/1996,3:39 am,57783,9.129,False,Finance,26
Lois,Female,10/18/2013,4:51 pm,36946,6.652,False,Engineering,26
Barbara,,05/03/2003,7:32 pm,99326,16.475,True,Legal,25
Rebecca,Female,2/18/1995,6:50 am,109259,4.443,True,Legal,31
Irene,Female,1/30/2004,8:25 pm,131038,8.996,False,Distribution,27
Ronald,Male,4/30/2014,2:19 pm,121068,12.757,True,Product,28
Steven,Male,11/10/1985,10:53 am,62719,19.127,False,Client Services,43
Carolyn,Female,11/06/2012,3:51 am,69268,3.031,False,Client Services,25
Maria,Female,12/27/1990,9:57 pm,36067,9.64,True,Product,45
Jonathan,Male,7/17/2009,8:15 am,130581,16.736,True,,29
Gary,Male,08/12/1987,12:04 am,89661,8.525,False,Finance,30
Kimberly,Female,7/15/1997,5:57 am,36643,7.953,False,Marketing,27
Roger,Male,11/08/1982,2:32 am,140558,5.084,True,Sales,32
Diana,Female,01/04/2013,7:53 am,103521,2.784,True,Business Development,31
Willie,Male,06/06/2006,9:45 am,55281,4.935,True,Marketing,40
Brandon,Male,3/27/2006,5:54 pm,115711,8.012,True,Finance,24
Patricia,Female,12/06/2012,4:01 am,114079,8.399,True,Client Services,33
Katherine,Female,11/14/1999,8:15 am,57531,1.767,False,Client Services,30
Jonathan,Male,10/12/1987,2:59 am,141069,4.903,False,Human Resources,22
Emily,Female,9/20/2007,11:25 am,89434,11.295,False,Engineering,23
Ruth,Female,08/12/1986,7:29 pm,44639,9.148,True,Legal,44
Linda,Female,6/24/2006,12:04 pm,110967,19.612,True,Human Resources,44
Lisa,Female,11/02/2009,9:42 am,115387,1.821,False,Client Services,44
Evelyn,Female,5/24/1980,11:10 pm,81673,15.364,True,Engineering,32
Julie,Female,7/23/1989,1:52 pm,109588,3.55,False,Engineering,29
Mary,Female,5/30/2009,11:41 pm,92544,3.8,False,Client Services,23
Matthew,Male,7/31/2013,8:04 am,142373,2.462,False,Marketing,33
Douglas,Male,09/03/1999,4:00 pm,83341,1.015,True,Client Services,38
Gregory,,6/15/1992,5:08 am,98865,10.628,True,Finance,35
Billy,Male,3/13/1995,12:05 pm,120444,7.768,True,Finance,41
,Female,6/17/1991,12:49 pm,71945,5.56,,Marketing,27
Gregory,Male,1/29/2000,6:01 am,109564,3.845,False,Legal,35
Jason,Male,10/17/1999,10:09 pm,78417,3.067,False,Finance,27
Daniel,Male,4/30/2010,3:48 am,106947,15.866,True,Legal,36
Sarah,Female,9/14/1995,7:50 am,87298,2.311,False,Distribution,25
Harry,Male,10/01/2015,7:47 pm,64579,15.266,True,Sales,43
Kathy,Female,4/19/1995,12:46 am,50905,9.404,True,Finance,23
Todd,Male,4/13/1999,10:31 am,59728,11.226,True,Client Services,28
Bobby,Male,9/23/1994,1:29 am,51685,17.445,True,Engineering,40
Jeremy,Male,06/08/2000,12:15 am,49542,1.679,True,Distribution,42
George,,2/24/1988,11:29 am,38375,8.999,False,Legal,38
Diane,Female,4/18/1993,3:22 am,64084,17.018,False,Product,37
Marilyn,Female,04/04/1997,9:28 pm,147663,10.263,False,Human Resources,40
Kathryn,Female,02/04/2004,1:47 pm,73935,14.752,False,Sales,43
Irene,Female,02/04/1982,5:26 pm,40837,12.182,True,Client Services,22
Norma,Female,02/11/2015,11:44 pm,94393,3.643,True,Engineering,37
Laura,Female,04/02/2006,1:57 pm,42087,2.624,False,Product,42
Cheryl,Female,9/23/2008,2:57 am,52080,9.375,False,Legal,41
Kevin,Male,3/25/1982,7:31 am,35061,5.128,False,Legal,41
Lillian,,05/12/2016,3:43 pm,64164,17.612,False,Human Resources,26
Phyllis,,4/21/1984,7:05 pm,94088,19.107,False,Distribution,24
Walter,Male,07/06/1983,11:54 pm,127813,5.961,False,Finance,43
Robert,Male,10/27/1990,7:15 pm,38041,18.428,True,Engineering,45
Jimmy,Male,10/07/1986,5:53 pm,126310,5.413,True,Product,27
Clarence,Male,10/08/1996,12:53 pm,142561,8.866,False,Client Services,40
Victor,Male,04/11/1991,7:44 am,70817,17.138,False,Engineering,29
Fred,,12/02/1984,2:03 pm,59937,12.045,True,Human Resources,36
Brenda,,7/27/2010,11:07 pm,106115,3.742,True,Product,36
Justin,Male,12/06/1992,5:58 pm,82782,4.366,True,Distribution,31
Betty,Female,06/12/2002,3:59 am,104896,19.55,True,Business Development,29
Randy,,02/06/1986,3:04 pm,133943,8.94,True,Sales,44
Sharon,,03/01/1990,3:46 am,83658,6.513,False,Business Development,24
Ralph,Male,11/11/2004,1:35 am,71896,4.232,True,Marketing,34
,,4/28/2003,3:01 am,113732,10.391,,Sales,37
Edward,Male,5/27/1985,10:13 pm,110485,7.995,False,Client Services,34
Denise,Female,3/20/2009,7:57 am,115118,5.108,False,Human Resources,36
Debra,Female,3/13/1998,11:16 pm,48696,4.75,False,Legal,28
,Male,11/25/1999,6:16 am,42676,15.517,,Sales,23
Michael,Male,1/24/2002,3:04 am,43586,12.659,False,,29
Henry,Male,02/06/1995,8:34 am,89258,15.585,True,Human Resources,45
Gloria,Female,3/27/2007,1:44 am,90730,2.491,False,Distribution,44
Marie,Female,08/06/1995,1:58 pm,100308,13.677,False,Product,23
Anne,Female,7/16/1986,2:08 pm,69134,3.723,True,Engineering,43
Sarah,,11/21/1985,1:08 pm,58295,14.603,True,Engineering,24
Stephanie,Female,3/24/1983,11:15 am,50141,13.218,True,Human Resources,25
Roy,Male,9/23/2004,1:31 pm,101941,3.45,False,Client Services,44
,Female,08/05/2009,8:14 am,115145,14.063,,Distribution,23
,Male,02/04/2005,1:01 pm,40451,16.044,,Distribution,23
Irene,Female,03/03/1982,8:26 am,56526,5.81,True,Finance,43
,Female,08/02/1992,8:35 pm,145316,18.517,,Human Resources,42
Thomas,Male,04/06/2011,1:04 pm,103235,9.554,True,Human Resources,42
Frank,,11/20/2001,10:18 am,58563,12.062,True,Marketing,37
Fred,Male,2/20/1980,2:25 am,74129,18.225,False,Product,36
Nicholas,Male,04/12/1994,8:21 pm,74669,1.113,True,Product,41
Howard,Male,10/05/1982,7:22 am,97490,5.46,True,Marketing,43
Debra,Female,2/22/1994,10:25 pm,104250,18.456,True,Business Development,24
Christine,Female,07/03/1989,4:01 am,94345,11.996,False,Finance,28
Brenda,,5/29/1991,6:32 am,82439,19.062,False,Sales,38
Betty,Female,6/28/2005,6:03 pm,51613,12.984,False,Distribution,44
Ruby,Female,11/08/2000,7:35 pm,105946,1.139,False,Business Development,24
Kevin,Male,07/12/1997,2:07 am,46080,9.635,False,Business Development,45
Arthur,Male,01/01/2014,7:46 pm,134610,6.147,True,Human Resources,39
Carl,,02/07/2014,3:57 am,125104,12.345,False,Client Services,25
Todd,Male,03/11/2009,3:43 am,107281,1.612,True,Engineering,33
Brenda,Female,10/06/2005,9:33 pm,141521,4.337,False,Client Services,25
Judy,Female,9/16/1997,12:10 am,65931,2.304,False,Human Resources,29
Todd,Male,02/02/1984,10:13 am,69989,10.985,True,Finance,42
Lois,Female,11/09/2011,7:06 am,147183,9.999,True,Client Services,43
Walter,,12/21/1999,10:33 pm,66757,18.099,False,Distribution,26
Jessica,Female,9/27/1985,1:35 pm,75145,6.388,True,Legal,23
Jeremy,Male,6/14/1988,6:20 pm,129460,13.657,True,,40
Tammy,Female,11/11/1984,10:30 am,132839,17.463,True,Client Services,33
Anne,Female,03/07/2000,6:45 am,44537,18.284,True,Client Services,42
Jesse,Male,10/25/1999,3:35 pm,118733,9.653,False,Marketing,31
Virginia,Female,10/20/1999,6:23 am,46905,19.154,False,Distribution,33
Jesse,Male,03/02/1981,7:26 pm,79582,3.873,False,Legal,27
Jeremy,,11/10/1996,1:49 pm,55394,3.18,True,Sales,28
Daniel,Male,9/15/2007,10:16 pm,123811,7.664,True,Human Resources,27
Patrick,,8/30/2004,11:43 am,137314,4.542,True,Marketing,35
Emily,Female,1/13/1988,6:42 am,36711,19.028,True,Human Resources,26
Alan,Male,6/26/1988,3:54 am,111786,3.592,True,Engineering,42
James,Male,07/11/2015,8:52 pm,72257,13.023,False,Engineering,38
Adam,Male,07/05/2007,11:59 am,71276,5.027,True,Human Resources,38
Joan,,7/25/1980,12:22 pm,38712,3.657,False,Client Services,33
Jeremy,Male,08/12/1981,12:05 am,46930,18.702,True,Finance,39
Margaret,Female,02/06/1993,1:05 pm,125220,3.733,False,Marketing,26
Mark,Male,04/01/1984,1:21 pm,121477,17.44,True,Business Development,34
Marilyn,Female,9/26/1981,2:23 am,86386,2.937,False,Distribution,33
Cheryl,Female,09/08/2009,10:16 am,81308,2.196,True,Legal,25
Benjamin,Male,09/11/1984,6:37 am,84810,15.794,False,Marketing,22
Harold,Male,2/20/1990,11:00 pm,66775,2.158,True,Legal,38
Ernest,,1/18/2002,1:51 am,72145,13.448,True,Finance,36
Gerald,Male,4/16/2001,10:09 pm,121604,1.923,True,Sales,31
Judy,Female,07/01/1991,2:33 am,109510,13.457,True,Legal,40
Bobby,Male,3/31/1996,5:40 pm,112117,6.338,False,,31
Bobby,,09/01/1995,2:09 pm,108127,15.858,False,Client Services,29
Marie,Female,10/03/2013,8:05 pm,123711,10.966,False,Product,42
Kathy,Female,12/18/2013,3:09 pm,132381,8.34,False,Business Development,43
Roy,Male,08/06/2006,7:52 am,148225,1.841,False,Finance,35
Jacqueline,Female,11/25/1981,3:01 pm,145988,18.243,False,Marketing,28
,Female,07/08/2008,11:40 pm,62960,14.356,,Sales,36
Julie,Female,3/23/1986,9:26 am,56926,7.507,False,Sales,45
Douglas,Male,01/08/2002,6:42 pm,41428,14.372,False,Product,27
Linda,Female,12/16/1990,2:20 am,115658,3.041,True,Sales,41
Ruby,Female,12/10/1988,8:27 pm,76707,6.031,False,Business Development,29
Russell,Male,01/02/2005,1:48 am,60388,17.885,False,Client Services,43
Jeffrey,Male,6/18/1997,8:01 pm,45150,12.075,True,Product,23
Aaron,Male,1/29/1994,6:48 pm,58755,5.097,True,Marketing,41
Samuel,Male,12/19/1991,2:54 am,76076,5.319,True,Finance,32
,Male,1/27/2010,2:57 am,87760,14.987,,Engineering,38
Randy,Male,3/16/2014,6:24 pm,135119,7.887,False,Client Services,28
Evelyn,Female,09/03/1983,1:58 pm,36759,17.269,True,Marketing,45
Fred,Male,2/13/1987,2:15 pm,121723,18.645,True,Product,34
Shirley,Female,06/08/1986,2:25 am,110061,7.494,False,Client Services,38
Todd,Male,5/23/2011,4:14 pm,85074,1.844,False,Client Services,37
Robert,Male,11/18/2014,5:00 am,85799,19.93,False,Finance,40
Mark,Male,1/22/2007,2:37 pm,75150,12.182,True,Legal,24
Earl,Male,01/05/2000,5:46 pm,91344,4.035,True,Sales,30
Richard,Male,9/27/2005,1:41 am,86326,10.717,False,Product,40
Michael,Male,11/22/1991,12:57 pm,98753,16.443,True,Human Resources,37
Steven,Male,05/12/2009,2:14 pm,113060,2.846,True,Sales,40
Carlos,Male,9/19/2007,1:01 am,77327,11.58,True,Finance,28
Marie,Female,10/20/2011,10:09 pm,62666,10.247,False,Product,44
Ronald,Male,2/24/2009,2:09 pm,96633,4.99,True,Engineering,33
Scott,Male,05/12/2009,4:36 am,58248,3.914,False,Business Development,43
Steven,Male,11/21/2006,8:30 am,83706,6.96,True,Human Resources,30
James,Male,11/22/1998,3:48 am,74086,5.778,True,Human Resources,45
Lori,Female,3/31/1988,10:59 pm,95389,14.223,False,Sales,34
Philip,Male,08/02/1989,11:21 am,129968,19.897,False,Finance,27
Phyllis,Female,11/24/2005,11:57 pm,140347,8.723,False,Sales,35
Thomas,,8/31/1995,8:31 pm,41549,3.95,False,Sales,26
Cynthia,Female,12/03/2012,11:03 pm,74287,10.751,False,Sales,38
,Male,10/09/2011,9:29 am,69906,4.844,,Engineering,23
,Male,4/22/1997,9:36 pm,65078,3.095,,Marketing,25
Elizabeth,Female,11/10/2005,4:56 am,106406,1.782,True,Legal,38
Andrea,Female,9/14/2003,10:30 pm,115913,12.121,False,Legal,29
Judy,Female,02/01/1990,3:32 pm,38092,5.668,False,Distribution,33
Russell,Male,8/13/2014,3:51 pm,121160,7.843,False,Engineering,30
Scott,Male,12/17/2011,3:45 am,90429,4.45,False,Product,35
Sarah,Female,5/22/1994,7:06 am,64207,7.824,True,Client Services,31
Susan,Female,9/25/2004,1:30 am,80688,18.892,True,Sales,29
Margaret,Female,05/05/2014,6:01 am,55044,4.078,False,Sales,39
Joshua,Male,11/09/2009,6:32 am,72893,9.555,False,Distribution,24
Justin,,4/15/2005,8:43 pm,96978,13.865,False,Finance,26
Juan,Male,4/16/2002,11:09 pm,97364,3.595,False,Product,35
Gloria,,7/19/1983,1:57 am,140885,1.113,False,Human Resources,31
Jennifer,,1/24/1989,8:38 pm,58520,16.231,True,Client Services,35
Edward,Male,08/04/1989,6:06 am,66067,10.957,True,,39
Marilyn,Female,12/17/1982,12:10 pm,147183,8.748,False,Business Development,29
Mary,Female,10/18/2009,6:32 pm,87721,12.484,False,Product,24
Linda,Female,7/15/2009,10:12 pm,144001,2.194,False,Business Development,31
Larry,Male,8/27/2003,1:00 pm,91133,5.14,False,Sales,42
Albert,Male,02/01/1997,4:20 pm,67827,19.717,True,Engineering,34
Kenneth,Male,4/13/1999,10:28 pm,81839,12.072,False,Sales,25
,Female,12/31/2006,11:02 pm,81444,3.171,,Distribution,36
Gregory,,07/09/2011,11:31 pm,137661,4.805,True,Sales,29
Brandon,Male,10/16/2015,2:44 am,112548,4.664,False,Engineering,31
Stephen,Male,04/09/1987,12:47 pm,111249,10.574,True,Human Resources,27
Russell,Male,10/30/1994,5:46 am,114334,9.669,False,Product,36
,Female,9/18/2002,12:39 pm,118906,4.537,,Marketing,23
Pamela,,7/15/2001,1:33 pm,72979,5.66,False,Sales,38
Scott,Male,08/03/1996,1:50 am,64172,10.894,True,Engineering,24
,Female,4/18/1996,3:57 pm,107024,12.182,,,36
Carlos,Male,7/28/2010,3:08 pm,50167,2.362,False,Product,22
Jack,Male,12/24/1980,10:58 pm,106995,15.723,False,Product,31
Debra,Female,1/19/2010,8:48 am,70492,8.895,False,Client Services,30
Phyllis,Female,1/15/1995,5:27 am,125881,16.697,False,Sales,22
Robert,Male,10/29/1994,4:26 am,123294,19.894,False,Client Services,33
Gloria,Female,9/19/1989,7:40 pm,131045,11.312,True,Product,28
Sharon,,10/28/1984,5:59 pm,97635,10.413,True,Client Services,31
Barbara,,4/26/2001,12:22 am,94493,13.443,True,Sales,28
Marilyn,Female,8/15/1989,9:14 am,140502,9.989,True,Sales,22
Ralph,Male,10/27/2010,10:28 am,106310,4.03,True,Client Services,30
Harry,,12/05/1996,5:45 am,46240,6.976,True,Engineering,30
Robin,Female,01/08/1998,2:12 am,111163,5.025,True,Product,43
Kathy,Female,11/25/2001,9:55 pm,93753,7.094,True,Sales,34
Rose,Female,07/06/2002,3:57 pm,63494,19.385,True,Human Resources,40
Clarence,Male,1/13/2005,9:00 am,116693,13.835,True,Distribution,44
Doris,Female,7/29/1992,6:40 pm,85215,7.425,True,Human Resources,41
Kathryn,Female,06/09/1988,9:29 am,86439,7.799,False,Finance,32
Billy,,3/16/2004,8:21 am,62913,18.241,True,Marketing,43
Norma,Female,4/16/1996,5:40 am,38872,9.302,True,Business Development,37
Richard,,11/28/1992,5:05 pm,124655,14.272,True,Engineering,39
Craig,Male,02/08/1984,4:45 am,113506,19.642,False,Marketing,26
Sarah,,7/20/1990,10:49 pm,109980,8.86,False,Sales,40
Sharon,Female,03/09/2014,4:39 pm,91522,7.564,False,Finance,27
Mary,Female,8/22/2010,8:03 am,42214,17.538,True,Business Development,25
Steve,,2/23/2002,3:55 am,83159,9.55,True,Distribution,34
Joe,Male,12/05/2010,4:20 pm,144082,1.62,True,Client Services,35
Jeremy,Male,5/29/1994,6:24 am,47885,19.276,True,Human Resources,27
Ernest,Male,8/14/2012,11:25 am,126232,6.191,True,Sales,28
Kevin,Male,6/23/1981,8:26 pm,134598,11.699,False,Business Development,23
Jacqueline,Female,02/11/2007,2:01 am,66604,14.609,False,Legal,26
Johnny,Male,9/14/1992,8:21 am,115194,5.861,True,Marketing,26
Gary,Male,8/18/2011,8:12 am,49101,11.9,True,Business Development,22
Shirley,,11/16/1990,6:01 pm,67811,12.699,False,Finance,26
,Male,6/29/2008,5:23 am,111043,5.966,,Distribution,27
Sarah,,8/31/1981,2:51 pm,37748,9.047,False,Human Resources,26
Julia,Female,03/02/1982,12:52 pm,36403,2.664,True,Finance,34
Dorothy,Female,11/05/2013,10:50 pm,140136,3.12,True,Business Development,25
Justin,Male,5/22/1986,6:30 am,121508,19.334,True,Finance,30
Kevin,Male,11/20/1986,6:59 pm,79906,18.021,True,Sales,40
Victor,Male,9/24/2005,12:04 pm,123144,16.261,True,Product,40
Deborah,Female,11/25/1980,4:33 am,46953,17.436,False,Client Services,29
Matthew,,06/09/2003,7:35 am,79443,14.637,False,Human Resources,34
Alice,Female,05/02/1986,1:50 am,51395,2.378,True,Finance,32
Todd,Male,3/16/2016,2:45 pm,134408,3.56,True,Human Resources,43
Frank,Male,01/10/1981,1:30 pm,71853,8.037,True,Sales,22
Christopher,Male,5/13/1999,10:48 am,68028,7.869,True,Finance,36
Rose,Female,5/28/2015,8:40 am,149903,5.63,False,Human Resources,43
Andrea,Female,10/01/2010,11:54 am,79123,19.422,False,Distribution,25
Charles,Male,12/16/1999,8:28 pm,104014,7.077,False,Legal,27
Jessica,,03/07/2015,8:45 pm,121160,12.993,False,Client Services,34
Wanda,Female,7/20/2008,1:44 pm,65362,7.132,True,Legal,24
Joyce,Female,02/07/1995,7:38 am,50701,14.227,True,,39
Billy,Male,12/01/2006,3:32 pm,144709,10.069,True,Distribution,22
Kathryn,Female,8/29/2007,6:10 am,53061,11.864,True,Finance,37
Denise,Female,3/18/2001,12:02 am,36697,11.196,True,Sales,40
Jason,Male,11/20/1998,2:54 pm,69244,6.22,True,,44
Nicholas,Male,03/01/2013,9:26 pm,101036,2.826,True,Human Resources,34
Aaron,Male,7/22/1990,2:53 pm,52119,11.343,True,Client Services,45
Louise,Female,5/13/2003,9:47 am,46666,1.886,True,Business Development,42
Julie,Female,4/23/1998,5:52 am,73437,2.518,True,Finance,43
Kathy,Female,05/08/1987,6:19 pm,86318,18.492,True,Sales,25
,Male,5/24/2016,9:17 pm,76409,7.008,,Distribution,29
Chris,Male,12/12/2006,1:57 am,71642,1.496,False,,25
Cheryl,Female,8/16/1994,8:33 am,67150,15.85,True,Marketing,27
Gregory,Male,5/15/2009,3:52 pm,142208,11.204,True,Engineering,24
Wayne,Male,1/30/1992,3:01 pm,81183,17.066,False,Client Services,27
Beverly,Female,11/30/2005,2:57 am,107163,3.665,True,Human Resources,22
Willie,Male,8/22/2009,1:03 pm,55038,19.691,False,Legal,28
Terry,,7/15/2016,12:29 am,140002,19.49,True,Marketing,32
Scott,Male,11/17/2012,2:47 pm,146812,1.965,True,Marketing,37
Annie,Female,12/19/1994,6:19 am,40119,4.338,True,Human Resources,34
,Male,2/21/1995,12:26 am,136602,10.429,,Marketing,33
Ruth,Female,10/24/2000,4:13 am,69579,18.029,True,Human Resources,24
Deborah,,02/03/1983,11:38 pm,101457,6.662,False,Engineering,33
Patricia,Female,01/09/2015,4:16 am,121232,16.624,False,Legal,37
Albert,Male,9/30/2007,5:34 pm,102626,15.843,False,Finance,43
Charles,,03/01/1987,1:00 pm,137171,5.574,True,Marketing,30
Tina,Female,1/17/2005,9:11 am,88276,14.248,False,Legal,44
Jeremy,Male,08/09/2001,3:56 am,43354,13.946,False,Marketing,31
Craig,Male,4/14/1996,9:17 am,125556,7.996,False,Engineering,41
Jose,Male,07/11/2002,9:15 am,59862,3.269,False,Product,26
Lawrence,Male,5/13/2005,1:25 am,74640,18.641,False,Marketing,29
Helen,Female,10/31/1997,2:43 am,52875,4.188,False,Legal,36
Walter,Male,08/04/2007,1:59 pm,58789,5.461,False,Sales,23
Amy,Female,6/19/2002,3:06 am,122897,8.222,True,Engineering,22
Janice,Female,6/28/1997,1:48 pm,136032,10.696,True,Marketing,42
Stephen,Male,05/09/2015,7:07 pm,141958,9.078,True,Legal,44
Ryan,Male,7/20/1993,10:18 pm,139917,11.466,False,Distribution,25
Sharon,Female,03/12/2002,6:32 am,147635,14.693,False,Human Resources,43
Joshua,Male,07/10/1984,7:22 pm,68230,8.047,False,Client Services,32
Clarence,Male,8/20/1992,8:23 pm,124365,8.457,False,Business Development,36
Jonathan,Male,8/15/2002,12:01 am,104749,11.364,False,Engineering,36
Stephanie,Female,11/26/1992,12:54 am,122121,7.937,True,Engineering,41
Kathy,Female,10/25/1996,12:59 pm,143541,8.461,False,Human Resources,29
Albert,Male,8/14/2008,5:43 pm,137840,9.705,False,Business Development,41
Michael,Male,5/22/2011,10:42 am,73354,18.357,False,Business Development,25
Richard,Male,07/04/1997,11:47 am,47647,18.787,True,,27
Amy,Female,3/30/2008,10:54 pm,106249,15.967,False,Sales,30
,Female,4/27/2013,6:40 am,93847,1.085,,Business Development,39
Beverly,,05/03/1995,5:49 am,104815,3.38,False,Product,28
,Female,4/26/1992,8:01 pm,115436,3.099,,Human Resources,41
Joe,Male,4/14/2000,3:14 pm,50645,11.119,False,Marketing,43
Ashley,Female,8/15/1997,9:48 pm,142415,1.985,True,Finance,38
Howard,Male,04/09/2012,6:36 am,37984,2.021,False,Distribution,36
Cheryl,Female,12/03/2014,9:27 am,71751,15.918,False,Business Development,45
Robert,Male,03/11/2007,11:20 am,135882,19.944,False,Legal,38
Sharon,Female,07/01/2011,9:50 am,46007,19.731,True,Client Services,27
Judith,Female,11/23/2007,1:22 pm,117055,7.461,False,Marketing,38
Nicholas,,09/09/1989,7:12 pm,58478,6.525,True,Distribution,23
Jerry,Male,1/30/1995,7:51 pm,121357,18.845,False,Business Development,41
Craig,Male,11/01/2005,11:31 pm,44857,13.266,False,Finance,42
Barbara,Female,3/21/2002,8:02 am,47322,7.25,True,Sales,22
Eugene,Male,5/24/1984,10:54 am,81077,2.117,False,Sales,38
Johnny,Male,2/26/2016,7:39 pm,76394,5.437,True,Marketing,32
Benjamin,Male,05/05/2013,3:28 pm,114356,7.123,False,Client Services,39
Diana,Female,6/13/1994,4:21 pm,41831,4.548,False,Business Development,27
Barbara,,12/10/1980,11:04 pm,90187,14.764,True,Distribution,42
Christine,Female,02/01/2003,1:11 pm,72613,11.126,False,Legal,40
Sean,Male,02/11/2013,7:07 pm,42748,9.765,False,Distribution,41
Sarah,Female,11/03/1980,2:47 pm,37259,1.763,False,Client Services,24
Roger,Male,08/03/2015,4:56 pm,125033,4.887,True,Marketing,42
,Female,6/24/2014,10:05 am,38275,10.494,,Distribution,30
,Male,4/20/1980,1:17 pm,71520,13.248,,Engineering,33
Donald,Male,7/14/1995,7:51 am,106472,6.499,True,Client Services,39
Clarence,Male,11/03/2015,12:11 am,103684,18.654,True,Engineering,41
Scott,Male,11/23/1996,7:36 pm,96111,15.592,False,Human Resources,40
Ann,Female,11/04/1984,12:17 pm,90719,6.22,False,Business Development,42
Frank,Male,4/27/2003,12:04 pm,140303,17.07,False,Legal,32
Joe,Male,07/04/1983,7:32 am,62161,8.13,True,Business Development,35
Wanda,Female,04/06/1993,3:11 am,78883,19.695,False,,30
Jimmy,Male,11/19/2013,7:29 pm,63549,19.624,False,,37
Amy,,12/25/1984,10:52 am,63888,18.115,True,Product,36
Larry,Male,01/08/1999,2:05 am,97370,10.458,False,Sales,45
Gloria,Female,04/12/1992,8:26 pm,66224,15.979,True,Legal,34
Ruth,Female,12/12/1996,10:07 am,97915,3.997,True,Human Resources,27
Diana,Female,1/19/1995,12:37 am,86883,18.003,True,Product,29
Raymond,Male,2/16/2009,10:38 pm,37812,3.178,False,Human Resources,45
Peter,Male,2/22/2003,9:09 am,56580,8.411,True,,27
,,9/25/1981,9:59 am,83895,17.971,,Engineering,40
Catherine,Female,8/31/2013,7:24 pm,58047,14.858,True,Distribution,24
Diane,Female,07/05/1982,4:56 pm,124889,15.026,True,Sales,40
Peter,,10/13/2014,9:33 pm,118840,14.509,True,Client Services,35
Steve,Male,8/22/1995,6:58 am,67780,9.54,True,Human Resources,32
Barbara,Female,3/22/2004,8:11 am,144677,8.696,False,Finance,41
Helen,,12/02/1993,1:42 pm,45724,1.022,False,Product,43
Jimmy,,8/26/1983,2:48 am,86676,7.175,True,Product,43
Christopher,Male,4/23/2014,7:52 am,82401,7.252,False,Client Services,39
Kathleen,Female,6/13/2014,9:16 am,35575,14.595,False,Distribution,38
Virginia,Female,05/02/2010,9:10 pm,123649,10.154,True,Marketing,40
Lisa,Female,2/26/2005,6:33 pm,38078,10.28,True,Product,31
Earl,Male,02/11/2014,9:03 pm,52620,13.773,False,Product,42
Gerald,,01/08/1992,3:50 pm,133366,12.292,False,Legal,34
Louise,Female,9/18/1981,5:47 am,91462,8.205,False,Marketing,36
Clarence,Male,8/26/1982,9:47 am,146589,4.905,True,Business Development,35
Cynthia,Female,9/14/1991,1:08 pm,51633,13.472,True,Business Development,40
Adam,Male,10/08/2010,9:53 pm,45181,3.491,False,Human Resources,45
Justin,Male,09/06/1999,10:30 am,62454,3.459,True,Sales,34
,Female,12/02/2009,3:30 am,84746,4.82,,Finance,28
Ruby,Female,05/01/1999,3:36 am,147362,7.851,True,Engineering,25
Amanda,Female,08/01/2004,1:32 pm,80803,14.077,True,Distribution,42
Anna,Female,4/15/2008,2:34 pm,117293,2.366,False,Client Services,39
Roger,Male,07/03/2010,5:11 pm,105689,13.32,True,Marketing,32
Julie,,02/04/1999,5:35 pm,93302,9.048,True,Product,28
Joseph,Male,09/10/1992,6:50 pm,102555,3.672,True,Product,24
Evelyn,Female,9/22/1998,7:55 pm,51525,10.366,False,Finance,35
Janice,Female,01/02/1984,9:06 pm,41190,3.311,True,Sales,44
Sara,Female,2/25/1980,10:50 pm,75484,3.186,False,Finance,28
Gregory,Male,6/18/1984,3:46 am,82726,16.304,True,Marketing,29
Philip,Male,7/18/1985,6:36 am,122319,19.122,False,Engineering,33
Barbara,Female,09/02/1991,3:41 pm,127297,11.905,True,Product,45
Amanda,Female,06/07/2002,7:46 am,109290,13.853,False,Engineering,25
Phyllis,,10/25/1985,7:11 am,99150,6.007,False,Client Services,36
Anne,Female,10/26/1996,8:09 pm,71930,18.451,True,Product,30
Arthur,Male,12/16/2014,4:56 pm,66819,6.639,True,Marketing,33
Jane,Female,06/01/1994,8:39 am,42424,18.115,False,Distribution,34
Linda,Female,8/18/1985,4:34 am,51431,13.295,False,Engineering,35
Ashley,Female,11/17/1999,9:18 pm,120675,6.51,False,Human Resources,25
Shawn,Male,12/03/2009,10:24 am,96610,2.097,True,Client Services,33
Kathleen,Female,9/20/1996,3:45 pm,71430,8.572,False,Engineering,35
Sara,,10/07/1983,1:35 pm,87713,18.863,True,Legal,26
Randy,Male,05/02/2002,7:39 pm,86723,14.842,False,Engineering,29
Andrew,Male,3/29/1985,6:57 pm,43414,7.563,True,Client Services,42
Marilyn,Female,08/09/2006,11:24 am,87145,17.33,False,Human Resources,32
Johnny,Male,01/08/1995,1:35 pm,91124,12.986,True,Distribution,28
,Female,04/01/1980,8:04 pm,48141,12.605,,,24
Susan,Female,4/18/1986,9:31 am,90829,19.142,False,Marketing,25
Ruby,Female,07/07/1980,3:42 am,101262,6.773,False,Client Services,26
Kelly,Female,8/16/1996,3:09 am,41427,1.431,False,Product,31
Jonathan,Male,04/06/1995,10:38 pm,56993,18.623,False,Marketing,44
Raymond,Male,1/13/1996,4:14 pm,114244,16.69,False,Human Resources,25
Kimberly,Female,12/30/1981,4:51 am,81800,5.435,True,,27
,Female,1/13/2009,1:01 pm,118736,7.421,,Client Services,32
John,Male,1/22/1995,12:17 am,66077,5.809,True,Product,45
Michael,Male,7/30/1993,5:35 pm,35013,14.879,False,Product,26
Jerry,Male,05/04/2003,4:29 am,98393,11.393,False,Client Services,30
Amanda,Female,3/17/1982,11:46 pm,107111,1.438,True,Product,41
Harold,Male,10/18/2010,8:45 pm,65673,1.187,True,Legal,31
Harry,Male,1/27/1985,8:18 pm,65482,18.089,False,,32
Ernest,Male,1/28/1990,12:08 am,81919,15.118,False,Marketing,34
Harry,Male,11/19/1982,11:25 am,59277,10.2,False,Finance,40
Diane,Female,02/02/1988,6:14 pm,49501,13.506,False,Business Development,38
Jack,Male,5/30/2012,3:17 am,70367,18.266,True,Legal,35
Shirley,Female,4/16/1988,11:09 am,132156,2.754,False,Marketing,45
Rose,Female,10/30/2004,4:34 pm,56961,7.585,False,Marketing,30
Cheryl,Female,7/23/1982,6:28 am,98841,8.945,True,Client Services,29
Cynthia,Female,5/23/1980,3:19 am,78226,2.419,False,Human Resources,24
Sandra,Female,4/24/1995,7:14 pm,116931,9.657,True,Human Resources,37
Andrea,Female,10/30/1994,11:23 am,87575,13.346,True,Business Development,29
Rachel,Female,4/22/1988,12:01 pm,110924,7.808,False,Distribution,31
Justin,Male,5/24/1981,11:15 pm,78351,15.221,False,Sales,27
Marie,Female,11/23/2000,5:06 am,125574,4.644,False,Sales,42
Louis,Male,4/15/2011,5:02 am,95198,2.075,False,Business Development,23
Nancy,Female,05/07/1985,10:20 pm,121006,3.512,True,Finance,35
Mark,Male,10/03/1984,5:31 am,95728,6.752,True,Business Development,44
Teresa,Female,6/24/1987,7:37 pm,69740,8.294,False,Distribution,22
Frances,Female,7/21/2001,2:34 am,91996,11.506,False,Product,45
,Female,10/11/1990,10:57 pm,98385,10.925,,Human Resources,23
Barbara,,12/20/1994,10:09 am,90556,15.749,True,Distribution,41
Christine,,6/15/1980,6:00 pm,50366,9.862,True,Marketing,44
Bobby,,7/21/2003,3:50 pm,84232,15.704,True,Engineering,44
Carl,,10/26/1991,8:11 am,100888,12.49,True,Business Development,24
Bruce,Male,3/15/2013,11:13 pm,141335,15.427,True,Engineering,32
Rose,Female,5/20/1982,9:14 am,97691,2.142,False,Client Services,39
Mildred,Female,2/21/1981,3:30 am,47266,10.256,False,Client Services,23
,Male,10/13/1983,11:59 pm,139754,12.74,,Sales,45
,Female,10/24/1993,5:17 pm,116236,17.274,,Engineering,31
Todd,Male,2/16/2010,11:29 am,103405,15.91,False,Sales,28
Alan,Male,2/17/2012,12:26 am,41453,10.084,False,Product,33
Elizabeth,,2/16/1981,3:58 am,52730,12.525,False,Marketing,43
Julie,,10/21/2000,1:15 am,60361,7.099,True,Distribution,43
Teresa,,01/03/1992,3:47 pm,63103,11.378,False,Finance,22
Eric,Male,11/12/2004,9:16 pm,65168,11.513,False,Distribution,23
Edward,Male,8/30/2001,1:24 am,73105,6.083,True,Engineering,41
Kimberly,Female,12/06/1986,2:23 pm,37916,12.929,True,Distribution,25
Kathy,Female,1/14/2001,5:11 am,45682,1.451,True,Marketing,38
Peter,Male,11/24/1992,5:43 pm,69297,1.268,False,Finance,41
Beverly,Female,10/22/1990,2:45 pm,59070,19.064,True,Engineering,41
Ralph,Male,03/07/2012,2:25 am,81215,8.4,False,Finance,34
Justin,Male,08/10/1997,11:00 pm,128036,18.824,False,Client Services,25
Irene,Female,6/23/2005,11:03 am,89780,8.999,True,Sales,23
Irene,Female,11/29/2006,2:14 pm,125018,9.601,True,Legal,33
Jeremy,Male,11/26/1997,8:22 am,133033,12.2,False,Sales,41
Cynthia,Female,6/29/2015,6:38 am,82408,8.701,True,Marketing,27
,Female,4/13/1997,8:03 am,131755,2.93,,,42
Anne,Female,11/21/1984,12:30 pm,128305,16.636,False,Marketing,30
,,09/02/1988,12:49 pm,147309,1.702,,Distribution,32
Debra,Female,03/12/1983,12:19 pm,74911,19.513,False,Marketing,26
Michael,Male,7/13/1988,1:48 pm,47079,2.617,False,Legal,39
Jason,,03/06/2008,1:20 am,82873,1.869,False,Client Services,30
Rebecca,Female,2/23/1990,3:21 pm,134673,6.878,False,Engineering,22
Andrea,Female,11/17/2011,2:37 pm,123591,6.5,True,Engineering,42
Carl,Male,3/30/1987,5:59 pm,75598,19.289,False,,34
Randy,Male,9/27/2000,3:04 am,89831,13.047,True,,24
Marilyn,Female,07/02/1984,4:06 pm,92430,2.924,False,Engineering,25
Wayne,Male,09/02/2009,1:37 am,126956,18.396,False,Human Resources,34
Frances,Female,11/12/1996,6:08 pm,112467,1.433,False,Business Development,34
Amanda,,08/11/1991,2:15 pm,46665,19.391,True,Client Services,39
Kathleen,Female,8/28/2004,10:49 am,42553,3.756,True,Distribution,40
Amanda,Female,1/25/1995,5:06 am,102081,5.203,False,Sales,24
Amanda,,3/16/2010,9:17 am,135118,15.108,False,Finance,42
Shawn,Male,9/29/1987,10:11 pm,71975,9.77,False,Human Resources,39
Katherine,Female,8/13/1996,12:21 am,149908,18.912,False,Finance,33
Anna,,3/13/1985,9:19 am,45418,10.162,False,Marketing,32
Elizabeth,Female,2/21/2010,7:02 am,79145,19.78,False,Finance,28
Donald,Male,04/06/1988,10:00 am,122920,5.32,False,,45
Gregory,Male,11/15/1999,5:22 pm,128031,15.857,True,Business Development,29
Ruth,Female,2/17/2004,5:38 am,59969,14.064,True,Finance,45
Cynthia,Female,07/05/1986,1:24 am,35381,11.749,False,Finance,40
Deborah,Female,11/21/1985,1:40 pm,113129,17.371,False,Client Services,43
Willie,Male,12/05/2009,5:39 am,141932,1.017,True,Engineering,45
Debra,Female,5/28/2006,6:51 am,42296,16.922,False,Product,40
Carl,Male,12/14/1984,8:49 pm,63395,11.411,False,Legal,40
Walter,Male,9/24/2007,11:16 pm,125382,13.613,True,Client Services,28
Lisa,Female,02/09/1982,6:44 pm,113592,17.108,True,Marketing,24
Rebecca,Female,03/05/2000,10:33 am,46750,11.367,True,Sales,34
Jessica,Female,10/19/1986,9:58 pm,90285,13.591,True,Client Services,35
Steve,,8/27/2009,3:41 pm,53692,4.785,True,Marketing,22
Mary,,12/24/1986,7:02 pm,100341,6.662,False,Distribution,26
Craig,Male,8/21/1995,2:38 am,123876,4.225,False,Engineering,24
Katherine,Female,12/19/2000,1:40 am,41643,4.659,True,Distribution,39
Andrea,Female,8/31/1989,11:10 pm,113760,12.866,True,Distribution,22
Timothy,Male,10/06/2010,10:49 pm,49473,12.463,False,Legal,26
Anthony,Male,2/13/2013,1:35 pm,146141,3.645,True,Distribution,44
Harold,,02/04/2004,11:02 am,79459,7.776,True,Business Development,30
Douglas,,02/04/2009,2:03 am,104496,14.771,True,Marketing,36
James,Male,12/05/2001,7:06 am,67789,17.105,True,Legal,39
Joseph,,3/28/1982,1:05 pm,86564,11.879,True,,44
Martha,Female,9/14/2001,3:22 am,135758,14.782,True,Client Services,29
Laura,Female,07/12/2000,6:07 pm,84672,3.96,False,Distribution,32
Robert,Male,11/05/1982,12:41 pm,111580,10.982,False,Human Resources,32
Ralph,Male,3/24/1996,11:54 am,50455,16.248,False,Business Development,36
,Male,8/28/2012,7:56 pm,88733,1.932,,Human Resources,22
Diane,Female,10/30/2009,6:56 pm,130577,12.791,False,Marketing,38
Annie,Female,06/06/1992,10:04 am,138925,9.801,True,Marketing,44
Jacqueline,Female,9/20/1994,6:07 pm,62371,15.77,True,Client Services,39
Brenda,Female,4/17/1984,7:12 am,87715,2.675,False,Product,38
Lori,Female,09/11/2002,7:36 am,66029,3.345,True,Client Services,31
Albert,Male,6/17/1992,3:25 am,86818,14.301,True,Engineering,26
Frank,Male,11/23/2002,6:10 pm,75147,17.398,False,Product,43
Deborah,Female,4/23/2000,6:55 pm,105573,5.268,True,Product,38
Robin,,12/20/2005,2:42 pm,41230,6.611,True,Distribution,41
Alice,Female,1/21/2016,5:07 pm,117787,10.485,False,,27
,Male,10/20/1989,9:37 am,88086,19.387,,Finance,37
Paul,,2/18/2011,12:23 pm,91462,18.704,False,Finance,33
,Male,12/27/1996,7:07 am,139959,8.992,,Distribution,32
Brian,Male,04/07/2007,10:47 pm,93901,17.821,True,Legal,30
Julie,,05/08/1980,6:31 am,50529,17.263,False,Finance,41
Bruce,Male,1/28/2007,11:10 pm,134988,13.926,True,Sales,32
Joan,Female,10/02/2007,2:53 am,120941,3.694,True,Finance,30
Harold,Male,5/15/2007,6:37 pm,118753,8.162,False,Sales,26
Alice,Female,10/16/1995,9:19 pm,92799,2.782,False,Sales,36
Barbara,Female,11/12/2011,12:35 am,85718,13.326,False,Client Services,33
Sarah,Female,04/06/1999,11:17 am,109517,5.146,False,Human Resources,36
Samuel,Male,5/25/2012,4:40 pm,85550,11.593,True,Marketing,29
,Male,5/23/1990,2:09 am,136655,9.801,,Distribution,32
Barbara,,08/02/2002,5:13 am,43312,8.218,True,Legal,42
Amy,,5/19/1984,11:47 am,102839,10.385,True,Distribution,41
Frank,Male,03/02/2009,9:15 pm,78891,7.927,True,Distribution,37
Robin,,9/16/2005,1:26 am,93201,11.712,True,Legal,29
Debra,Female,3/17/2011,1:12 pm,84693,6.976,True,Finance,23
Brandon,,5/31/2004,3:36 pm,73587,9.769,True,Human Resources,22
Thomas,Male,09/07/1991,9:51 am,65251,11.211,False,Distribution,33
Harry,Male,9/23/2015,1:36 am,129148,15.193,True,Engineering,34
Todd,Male,07/04/1993,6:53 pm,128175,18.473,True,,44
Patricia,Female,03/07/1998,1:10 am,75825,7.839,False,Engineering,31
Steve,Male,01/11/2002,9:17 pm,51821,1.197,True,Legal,29
,Male,04/07/1995,4:32 am,60411,12.048,,Human Resources,38
Edward,Male,11/27/1997,1:00 am,58327,17.095,True,Finance,38
Karen,Female,01/09/2014,10:09 pm,46478,16.552,False,Engineering,31
Martin,,02/06/2001,4:17 am,123963,15.745,True,Engineering,35
Ann,Female,9/28/1994,5:44 am,79796,9.851,False,Distribution,24
Jonathan,Male,7/30/1984,6:02 pm,83809,12.922,False,Distribution,43
Peter,Male,3/22/1982,7:28 am,77933,13.132,True,Engineering,35
Eric,Male,6/15/1993,3:56 am,51070,13.806,True,Business Development,37
Jason,,4/15/1988,8:16 pm,97480,11.518,False,Human Resources,42
Terry,Male,10/21/2010,11:18 pm,58357,7.969,False,Engineering,22
John,Male,1/29/1999,3:07 am,67165,13.001,False,Engineering,43
Marie,Female,04/08/1983,2:01 pm,145988,18.685,True,Human Resources,26
Harold,Male,4/16/2010,5:13 am,147417,11.626,True,Business Development,42
Joshua,Male,6/27/1997,3:23 pm,95003,5.197,True,Marketing,25
Brandon,,09/05/1992,2:32 am,144187,11.416,True,Legal,43
Andrea,Female,12/10/2001,6:40 am,37888,13.47,False,Engineering,31
Jeremy,Male,5/19/1991,1:40 pm,131513,1.876,True,Finance,26
Daniel,Male,2/29/2016,4:04 am,77287,13.0,True,,22
Roy,Male,05/10/2004,1:22 pm,46875,12.942,True,Sales,39
Dorothy,Female,10/08/2008,12:22 am,82744,19.111,True,Client Services,32
Steven,Male,09/07/1986,12:32 am,43252,18.892,False,Client Services,23
Nicole,Female,4/26/2009,12:40 am,66047,18.674,True,Marketing,37
Ann,Female,7/16/2001,9:27 am,118431,12.772,True,Finance,42
Henry,Male,05/12/1986,2:04 am,59943,1.432,False,Finance,41
,Male,6/17/2009,1:00 pm,136681,3.655,,Business Development,31
,Female,12/18/1994,8:42 pm,138807,1.4,,Human Resources,27
Barbara,Female,11/26/2002,5:32 am,82884,6.837,True,Business Development,37
Judy,Female,04/05/2011,1:44 am,48668,11.716,True,Product,28
Lawrence,Male,7/23/2011,3:41 am,122971,14.618,False,Product,25
Joseph,Male,10/10/2010,11:12 pm,107050,12.737,False,Business Development,24
Carlos,Male,1/25/1981,10:00 am,138598,14.737,False,Sales,37
Russell,,05/09/2009,11:59 am,149456,3.533,False,Marketing,28
Jane,Female,07/10/1999,7:02 pm,128540,15.941,False,Legal,29
Martin,Male,2/25/2016,6:29 pm,61117,2.844,False,Client Services,37
Steven,Male,5/30/1980,8:25 pm,100949,13.813,True,Human Resources,37
Judy,,7/15/2011,3:38 pm,46829,5.19,True,Finance,42
James,Male,2/16/2008,2:49 am,69111,14.625,True,Business Development,45
Gloria,Female,8/19/2004,10:31 am,46602,1.027,True,Business Development,43
Ernest,Male,6/30/2001,1:46 pm,61181,16.559,False,Business Development,24
Martha,Female,7/17/1997,11:11 pm,94963,19.626,True,Business Development,42
Janet,,1/25/1986,5:48 am,85789,9.712,False,Legal,25
Louis,,02/05/1983,6:39 pm,145274,16.379,False,Product,43
Tina,Female,08/06/1999,3:18 am,102841,3.369,False,Client Services,37
Henry,Male,2/23/2007,3:24 am,49665,18.338,False,Business Development,29
Antonio,Male,06/06/1999,10:54 pm,41928,5.478,True,,24
Lisa,Female,04/11/2007,1:04 am,128042,2.03,True,Legal,34
Denise,Female,2/19/1984,6:22 am,86150,3.997,False,Client Services,32
Stephen,Male,10/21/1984,6:26 am,121816,10.615,True,Distribution,30
Benjamin,Male,04/12/1988,11:32 pm,123409,7.783,False,Product,29
Carl,,8/18/2007,8:01 am,98295,7.617,True,Legal,23
Ruth,Female,09/02/1980,6:52 am,59678,10.895,False,Distribution,42
Shawn,Male,12/29/2006,3:05 am,57871,4.02,True,Human Resources,35
Jennifer,Female,3/31/2015,7:43 pm,132084,10.006,True,Engineering,24
Terry,Male,11/10/2004,4:33 am,35633,3.947,True,Distribution,28
Jacqueline,Female,7/27/2008,12:08 pm,125298,3.019,True,Legal,31
Roger,Male,05/02/1988,10:04 pm,115582,15.343,True,Sales,35
Alice,,4/23/1995,6:35 am,148339,11.479,True,Finance,45
Justin,Male,7/25/1991,12:45 am,112975,9.699,False,Human Resources,38
Janet,Female,07/12/2008,12:10 pm,36927,18.769,False,Client Services,42
Robin,Female,3/26/2004,5:41 pm,70248,9.66,True,Sales,37
Samuel,,10/07/2002,3:08 am,141305,9.849,True,Marketing,39
Katherine,Female,9/22/2006,8:08 pm,72002,13.178,True,Product,30
Peter,Male,5/22/1991,1:39 am,102577,12.026,True,Product,28
Lillian,Female,8/14/2009,5:41 am,113554,18.018,True,Business Development,38
,Male,10/24/1986,9:23 am,47176,10.736,,Finance,23
,Female,6/18/2000,7:36 am,106428,10.867,,,35
Rose,Female,11/03/1999,9:06 am,75181,6.06,True,Finance,45
Bobby,Male,9/30/2004,10:52 pm,79047,18.784,False,Human Resources,23
Kimberly,Female,4/20/1986,3:55 pm,52970,4.513,False,Sales,22
Antonio,Male,12/28/2003,4:17 am,137979,5.266,False,Distribution,45
Doris,Female,09/08/1984,7:03 pm,114360,17.799,True,Business Development,27
Steven,Male,07/05/2009,4:55 am,110306,16.843,True,Human Resources,29
Lawrence,Male,07/03/1995,10:55 pm,46378,9.127,False,,31
,Male,05/06/1986,4:41 pm,74104,17.68,,Client Services,28
,,4/15/1991,3:39 am,132505,13.592,,Product,45
Stephanie,Female,9/14/1982,8:14 am,96649,3.453,False,Sales,34
,Female,7/24/1982,12:00 am,57811,8.941,,Marketing,36
Sandra,Female,09/07/1989,4:17 pm,111468,2.58,True,Product,41
Kevin,Male,07/01/2005,3:22 pm,141498,4.135,True,Sales,37
Michelle,,3/31/2012,6:28 am,124441,16.353,False,Business Development,29
Lisa,Female,07/08/2000,9:19 pm,40121,6.293,False,Product,43
Fred,Male,03/03/1989,2:27 am,129712,11.058,False,Finance,43
Joseph,Male,11/04/1982,9:46 pm,126010,19.601,False,Legal,37
Anne,,4/18/1996,11:57 pm,122762,9.564,False,Distribution,23
Andrea,Female,7/22/1999,9:25 am,149105,13.707,True,Distribution,24
Nicole,Female,03/01/2004,5:17 pm,44021,10.286,False,,31
Theresa,,10/07/1995,10:16 am,42025,3.319,True,Human Resources,41
Catherine,Female,8/31/1986,6:20 pm,59970,12.801,False,Client Services,44
Rose,Female,12/31/1982,6:50 pm,145001,19.85,False,Engineering,31
Lawrence,Male,10/01/1984,2:06 pm,102589,17.952,True,Marketing,41
Raymond,Male,12/12/1986,12:18 pm,47529,2.712,True,Product,27
Clarence,Male,08/05/1989,6:11 pm,148941,11.517,False,Product,45
Ryan,Male,4/15/1988,5:18 am,91109,17.499,True,Human Resources,30
Jane,Female,01/12/1992,1:23 pm,51923,13.623,False,Business Development,29
Lois,Female,7/28/2012,11:39 am,53954,19.075,False,Product,33
Shawn,Male,3/17/2008,2:12 pm,39335,10.664,False,Distribution,27
Thomas,Male,05/03/1990,9:29 am,111371,15.081,True,Engineering,44
Kathryn,Female,1/29/2008,12:29 am,86676,6.081,False,Sales,32
Mary,Female,11/06/2011,8:32 am,115057,2.089,False,Finance,38
Julie,Female,03/08/1980,5:13 am,145357,3.459,False,Engineering,34
George,Male,9/27/1995,5:04 pm,36749,19.754,False,Finance,29
Ralph,Male,02/10/2000,4:48 pm,89854,7.227,False,Business Development,43
Judith,Female,09/03/1989,11:16 am,134048,6.818,True,Marketing,28
,Male,12/13/1994,10:34 am,141311,5.478,,Product,28
Evelyn,Female,02/10/2002,4:44 am,123621,19.767,True,Marketing,36
Rachel,Female,6/23/2011,12:52 am,54941,3.221,True,Distribution,24
Maria,,1/18/1986,8:36 pm,106562,4.0,False,Human Resources,32
Kelly,Female,3/17/2007,6:20 pm,39371,4.068,False,Engineering,28
Ruby,Female,5/31/2008,8:41 pm,83112,4.083,False,Marketing,23
Ann,Female,10/03/1980,1:08 am,96941,10.048,True,Distribution,43
Kenneth,Male,12/14/1985,6:55 am,47232,17.862,True,Legal,26
William,Male,11/18/1993,12:27 pm,54058,5.182,True,Human Resources,35
,Female,12/27/1980,2:27 am,80399,12.254,,Distribution,35
Deborah,Female,2/26/2009,10:17 am,118043,7.266,True,Business Development,32
,Male,11/12/2009,2:30 pm,109411,9.494,,Engineering,28
Julia,Female,8/18/2014,3:12 am,97566,2.147,False,Marketing,38
Robert,,12/04/2000,1:20 am,69267,5.89,True,Sales,43
,,08/01/1988,1:35 am,87103,5.665,,,44
Jesse,,7/16/2014,2:24 am,98811,7.487,False,Legal,23
Cynthia,Female,07/12/2006,8:55 am,149684,7.864,False,Product,44
Johnny,Male,1/14/2007,2:54 pm,71383,2.097,True,Human Resources,25
Michael,Male,8/31/2002,1:20 am,81206,19.908,True,Distribution,36
Kenneth,Male,1/15/2015,2:41 pm,69112,7.588,True,Finance,34
Keith,Male,02/12/2003,3:02 pm,120672,19.467,False,Legal,27
Gerald,Male,5/28/2010,12:26 pm,96511,9.331,False,Human Resources,24
Carl,,02/11/1982,7:54 am,49325,2.071,True,Business Development,37
Douglas,Male,08/04/2007,5:23 am,132175,2.28,False,Engineering,28
Carolyn,Female,3/17/2004,6:38 am,118037,13.492,False,Finance,43
Joseph,Male,5/23/1985,10:16 pm,139570,15.804,True,Finance,26
Billy,Male,04/06/2000,3:14 pm,115280,9.153,False,Distribution,42
Joyce,Female,7/25/2001,6:04 am,51065,16.807,False,Human Resources,36
Lillian,Female,8/26/2002,8:53 am,103854,4.924,True,Distribution,24
Ruby,Female,8/13/2006,6:27 pm,48354,19.501,False,Business Development,40
Sandra,Female,02/07/1998,12:39 pm,132327,19.264,False,Product,25
Louise,Female,2/26/1982,1:03 am,106362,8.965,False,Sales,33
Maria,,6/19/1985,1:48 am,148857,8.738,False,Legal,23
Brenda,Female,01/03/1981,6:01 pm,131131,11.682,False,Client Services,29
Stephen,Male,09/10/1990,10:42 pm,129663,15.574,False,Human Resources,22
Nicole,,05/02/1981,12:03 pm,41449,4.707,False,Finance,42
Bobby,Male,06/05/1984,7:40 am,93368,2.88,True,Product,37
Ernest,Male,09/06/1997,2:02 pm,53335,9.192,False,Product,34
Charles,Male,09/03/1997,10:04 am,148291,6.002,False,,34
Bobby,Male,8/19/1996,1:16 am,147842,16.158,True,,27
Diana,Female,11/19/2004,8:47 am,105066,17.343,True,Business Development,24
Mildred,Female,04/06/2007,10:06 pm,139284,11.39,True,,41
Harry,Male,02/10/1985,7:46 pm,63046,10.411,False,Finance,26
Phillip,,10/20/2003,11:09 am,89700,2.277,True,,25
Bonnie,,1/18/2006,6:52 pm,108946,12.211,False,Finance,31
Marie,Female,12/08/1993,6:28 pm,98406,7.943,True,Product,25
Sean,Male,4/25/2006,4:51 pm,108581,9.634,False,Human Resources,40
Robin,Female,10/01/2012,2:44 am,41808,19.239,False,Business Development,23
Phillip,Male,10/07/1984,11:05 am,36837,14.66,False,Marketing,30
Jerry,Male,3/26/1989,4:15 am,140850,18.855,False,Finance,38
Ronald,Male,5/25/1983,10:05 am,50426,18.536,True,Sales,27
Phillip,Male,5/15/1984,6:15 am,134120,6.842,False,Human Resources,31
Ryan,Male,11/16/2012,1:47 pm,57292,6.01,False,,23
Karen,Female,8/29/1997,4:56 pm,80633,16.306,False,Legal,35
Bonnie,Female,8/25/2004,2:17 am,131943,14.249,False,Client Services,41
Earl,Male,6/15/2013,3:00 am,48046,7.737,False,Marketing,32
Katherine,Female,8/18/2013,3:58 pm,97443,13.657,False,Product,31
Matthew,Male,08/03/1995,5:39 am,135352,7.986,True,Business Development,30
Cynthia,,11/19/1996,10:40 pm,107816,18.751,False,Marketing,40
Gerald,Male,3/29/2003,10:37 am,96329,2.469,True,Engineering,25
Brenda,Female,1/18/2015,4:39 pm,73749,19.332,False,Business Development,22
Jason,Male,05/01/1998,6:05 pm,75607,4.299,True,Sales,42
Melissa,Female,09/08/1994,4:11 am,98858,3.525,True,Human Resources,33
Beverly,Female,04/11/1998,2:27 pm,76485,9.212,True,Engineering,31
Terry,,09/11/1992,4:41 pm,41238,8.219,False,Marketing,22
,Male,09/05/1980,7:36 am,114896,13.823,,Client Services,24
Jacqueline,Female,5/25/2003,7:13 pm,125418,8.064,False,Distribution,26
Amy,Female,5/20/2009,6:26 am,75415,19.132,False,Client Services,32
Robert,,5/25/2007,3:17 am,90998,8.382,False,Finance,30
Ruby,Female,1/28/1980,11:08 pm,142868,6.318,False,Marketing,42
Sara,,11/18/2014,2:47 pm,135990,14.344,True,Distribution,36
Kathryn,Female,10/27/1995,3:39 pm,57300,18.015,False,Marketing,32
Lisa,Female,10/17/2003,1:42 pm,73706,18.53,False,Finance,44
Juan,Male,10/06/1993,8:52 am,85871,9.16,False,Product,25
Anthony,Male,1/30/2014,9:04 pm,96795,14.837,False,Sales,33
David,Male,12/05/2009,8:48 am,92242,15.407,False,Legal,32
Marilyn,Female,10/08/2007,12:32 am,115149,11.934,True,Legal,42
Margaret,Female,01/04/2001,3:07 am,126924,1.552,True,Finance,25
,Male,11/24/2015,3:11 am,145329,7.1,,Finance,25
Timothy,Male,8/25/1991,10:37 am,92587,8.475,False,Finance,39
Brandon,Male,10/23/1995,12:04 pm,60263,2.709,False,Sales,45
Frank,Male,7/27/2013,4:32 pm,91406,5.681,True,Business Development,24
Betty,Female,11/19/2002,10:40 am,37005,7.645,True,Marketing,33
Janice,,11/19/1991,6:02 pm,139791,16.968,False,Business Development,41
Victor,Male,03/10/2010,5:01 pm,45267,3.942,True,Sales,38
Kenneth,,2/28/1994,10:10 am,95296,10.146,False,Finance,31
Jane,Female,4/27/2012,2:12 pm,59680,15.211,True,Business Development,42
Walter,Male,5/21/1992,12:39 am,144701,16.323,True,Marketing,40
Christina,Female,6/23/2002,3:18 pm,35477,18.178,False,Human Resources,23
Patricia,Female,10/10/1995,4:52 pm,119266,6.911,False,Distribution,43
,Male,5/23/2001,7:52 pm,103877,6.322,,Distribution,22
Heather,Female,7/29/1983,10:48 am,47605,14.955,True,Human Resources,30
Stephanie,Female,6/26/1988,5:48 am,136604,6.16,True,Human Resources,44
Alice,Female,02/09/2013,12:49 am,121250,4.363,True,Finance,31
Frances,Female,5/16/2014,8:31 am,35884,17.667,False,Sales,34
Elizabeth,Female,7/27/1998,11:12 am,137144,10.081,False,Finance,27
Janice,Female,12/17/2009,6:42 am,102697,3.283,False,Engineering,44
Donald,Male,08/01/1991,2:25 am,61999,6.466,False,Product,26
Melissa,Female,10/22/2002,1:20 am,45223,8.879,True,Legal,28
Carl,Male,07/07/2010,1:33 pm,54033,15.528,True,Business Development,42
Joe,Male,12/08/1998,10:28 am,126120,1.02,False,,29
Lois,Female,12/11/2015,4:10 pm,99747,6.168,False,Marketing,38
Ann,Female,9/28/2001,6:37 am,71958,5.272,True,Distribution,25
Todd,Male,01/04/1983,12:34 pm,115566,6.716,True,Client Services,30
Marilyn,Female,1/16/1996,7:18 am,118369,7.696,True,Business Development,39
Shawn,Male,3/13/2008,5:36 pm,51667,6.339,False,Product,38
Ryan,Male,4/27/1999,3:41 am,85858,19.475,False,Client Services,29
Sean,Male,3/21/2009,11:38 am,131423,8.957,False,Distribution,32
Rose,Female,01/02/2002,9:14 pm,49538,9.828,False,Client Services,34
George,Male,06/05/2015,5:40 am,50369,18.9,True,Sales,33
Arthur,Male,12/05/2013,8:44 am,86615,3.412,True,Business Development,34
Irene,,2/28/1991,10:23 pm,135369,4.38,False,Business Development,28
Deborah,Female,11/11/2003,4:53 pm,60003,9.624,False,Client Services,33
,Female,8/23/2000,4:19 pm,95866,19.388,,Sales,45
Judith,Female,03/01/2004,7:32 am,109324,19.488,False,Distribution,27
Philip,Male,03/11/2005,10:56 am,103557,16.014,True,Business Development,39
Jeffrey,Male,9/20/1986,6:06 am,111376,2.673,True,Business Development,23
Theresa,Female,4/27/2001,9:17 pm,75661,1.079,True,Legal,26
Nancy,Female,09/10/2001,11:57 pm,85213,2.386,True,Marketing,23
Harold,Male,6/23/2012,12:40 pm,140444,3.771,False,Distribution,34
Bonnie,Female,12/23/2008,9:26 am,90427,2.01,True,Client Services,39
Doris,Female,07/05/1993,5:54 pm,141439,3.799,False,Business Development,44
Samuel,Male,08/07/1997,12:40 pm,43694,3.787,True,Engineering,42
Alice,Female,3/23/1996,3:09 am,131952,12.09,False,Engineering,32
Maria,Female,3/14/2003,5:23 pm,96250,10.056,False,Business Development,36
Aaron,,1/22/1986,7:39 pm,63126,18.424,False,Client Services,24
Mark,,09/09/2006,12:27 pm,44836,2.657,False,Client Services,42
Ralph,,7/28/1995,6:53 pm,70635,2.147,False,Client Services,39
Andrew,Male,9/28/1990,9:38 am,137386,8.611,True,Distribution,40
William,Male,6/26/1997,8:33 am,104840,15.653,True,Engineering,45
Lori,Female,11/20/2015,1:15 pm,75498,6.537,True,Marketing,30
Wayne,Male,09/08/2006,11:09 am,67471,2.728,False,Engineering,36
Kenneth,Male,05/10/2006,8:24 am,101914,1.905,True,Distribution,36
Gerald,,4/15/1989,12:44 pm,93712,17.426,True,Distribution,32
,Female,9/15/1985,1:50 am,133472,16.941,,Distribution,35
,Male,7/30/2012,3:07 pm,107351,5.329,,Marketing,32
Ashley,Female,3/31/2006,1:24 pm,142410,11.048,True,Engineering,42
Scott,Male,8/20/2011,8:08 am,37385,8.226,True,Business Development,38
Paula,Female,5/21/1983,11:42 am,58423,10.833,False,Business Development,32
,Female,9/14/2010,5:19 am,143638,9.662,,,30
Teresa,Female,1/22/2013,3:17 pm,113425,11.907,True,Human Resources,42
Randy,Male,2/25/2012,5:33 am,57266,14.077,False,Product,30
Joe,Male,1/19/1980,4:06 pm,119667,1.148,True,Finance,44
Sarah,Female,8/17/2014,11:08 pm,127118,11.176,False,Legal,25
Beverly,Female,10/17/1986,12:51 am,80838,8.115,False,Engineering,42
Jeffrey,Male,02/03/1984,1:26 pm,70990,15.901,True,Sales,38
Gloria,Female,10/24/1987,4:43 am,39833,9.631,False,Engineering,35
Albert,Male,9/19/1992,2:35 am,45094,5.85,True,Business Development,26
Stephen,Male,10/29/1989,11:34 pm,93997,18.093,True,Business Development,35
Antonio,,6/18/1989,9:37 pm,103050,3.05,False,Legal,28
Jonathan,Male,8/21/2013,12:45 am,121797,16.923,False,Product,25
Ann,Female,9/23/1994,11:15 am,89443,17.94,True,Sales,43
Bruce,Male,05/07/1980,8:00 pm,35802,12.391,True,Sales,23
Catherine,Female,9/25/1989,1:31 am,68164,18.393,False,Client Services,43
Louis,Male,8/16/2011,5:19 pm,93022,9.146,True,Human Resources,38
Thomas,Male,03/12/2016,3:10 pm,105681,19.572,False,Engineering,38
Louise,Female,3/27/1995,10:27 pm,43050,11.671,False,Distribution,40
Linda,Female,02/04/2010,8:49 pm,44486,17.308,True,Engineering,31
Alice,Female,09/03/1988,8:54 pm,63571,15.397,True,Product,27
Patrick,Male,12/30/2002,2:01 am,75423,5.368,True,Business Development,44
Victor,,7/28/2006,2:49 pm,76381,11.159,True,Sales,35
Russell,Male,05/10/2013,11:08 pm,137359,11.105,False,Business Development,39
Harry,Male,8/30/2011,6:31 pm,67656,16.455,True,Client Services,40
Susan,Female,04/07/1995,10:05 pm,92436,12.467,False,Sales,32
Denise,Female,10/19/1992,5:42 am,137954,4.195,True,Legal,43
Sarah,Female,12/04/1995,9:16 am,124566,5.949,False,Product,37
Sean,Male,1/17/1983,2:23 pm,66146,11.178,False,Human Resources,45
Ernest,Male,7/20/2013,6:41 am,142935,13.198,True,Product,44
Kimberly,Female,1/26/2013,12:57 am,46233,8.862,True,Engineering,23
James,Male,1/15/1993,5:19 pm,148985,19.28,False,Legal,35
Rose,Female,04/06/1982,10:43 am,91411,8.639,True,Human Resources,25
John,Male,12/23/1982,10:35 pm,146907,11.738,False,Engineering,38
Maria,Female,10/15/2011,4:53 pm,43455,13.04,False,Engineering,26
Stephen,,07/10/1983,8:10 pm,85668,1.909,False,Legal,44
Donna,Female,11/26/1982,7:04 am,82871,17.999,False,Marketing,28
Gloria,Female,12/08/2014,5:08 am,136709,10.331,True,Finance,35
Alice,Female,10/05/2004,9:34 am,47638,11.209,False,Human Resources,43
Justin,,02/10/1991,4:58 pm,38344,3.794,False,Legal,39
Robin,Female,7/24/1987,1:35 pm,100765,10.982,True,Client Services,28
Rose,Female,8/25/2002,5:12 am,134505,11.051,True,Marketing,29
Anthony,Male,10/16/2011,8:35 am,112769,11.625,True,Finance,45
Tina,Female,5/15/1997,3:53 pm,56450,19.04,True,Engineering,23
George,Male,6/21/2013,5:47 pm,98874,4.479,True,Marketing,24
Henry,,11/23/2014,6:09 am,132483,16.655,False,Distribution,22
Phillip,Male,1/31/1984,6:30 am,42392,19.675,False,Finance,39
Russell,Male,5/20/2013,12:39 pm,96914,1.421,False,Product,30
Larry,Male,4/20/2013,4:45 pm,60500,11.985,False,Business Development,22
Albert,Male,5/15/2012,6:24 pm,129949,10.169,True,Sales,37
